{
  "br": {
    "wins": 24,
    "kills": 3840,
    "kdRatio": 1.4253897550111359,
    "downs": 3852,
    "topTwentyFive": 719,
    "topTen": 297,
    "contracts": 1053,
    "revives": 208,
    "topFive": 143,
    "score": 4995065,
    "timePlayed": 1169807,
    "gamesPlayed": 1261,
    "tokens": 0,
    "scorePerMinute": 256.19944144632404,
    "cash": 0,
    "deaths": 2694,
    "title": "br"
  },
  "br_dmz": {
    "wins": 3,
    "kills": 74,
    "kdRatio": 1.5416666666666667,
    "downs": 86,
    "topTwentyFive": 3,
    "topTen": 3,
    "contracts": 16,
    "revives": 0,
    "topFive": 3,
    "score": 58320,
    "timePlayed": 17017,
    "gamesPlayed": 13,
    "tokens": 0,
    "scorePerMinute": 205.62966445319387,
    "cash": 1330,
    "deaths": 48,
    "title": "br_dmz"
  },
  "br_all": {
    "wins": 27,
    "kills": 3914,
    "kdRatio": 1.4274252370532459,
    "downs": 3938,
    "topTwentyFive": 722,
    "topTen": 300,
    "contracts": 1069,
    "revives": 208,
    "topFive": 146,
    "score": 5053385,
    "timePlayed": 1186824,
    "gamesPlayed": 1274,
    "tokens": 0,
    "scorePerMinute": 255.47435845584516,
    "cash": 1330,
    "deaths": 2742,
    "title": "br_all"
  }
}

